"Name"|"Note"|"Misc"
"Wasp Head"|""|"4.5(6)\nPeninsula "
"Farran's lookout"|""|"4.7(70)\nTourist attraction · 12054 Murray River Rd"
"Red Rocks trig walking track"|"Red Rocks Trig Trail on AllTrails https://www.alltrails.com/trail/australia/new-south-wales/red-rocks-trig-trail?p=35856086"|"4.3(9)\nScenic spot · Cambewarra Range Nature Reserve, Leebold Hill Rd"
"Blackheath Lookout"|""|"4.8(182)\nVista point · Mount Blackheath Rd"
"Hyams Beach"|""|"New South Wales 2540"
"Gibraltar Falls"|"https://pioneerwalks.com.au/walk/gibraltar-falls/"|"4.6(793)\nTourist attraction · Corin Rd"
"Caves Beach"|"https://concreteplayground.com/sydney/travel-leisure/leisure/ten-best-caves-to-visit-near-sydney/amp"|"4.9(55)\nTourist attraction · Caves Beach\nClosed · Opens at 11:00 am"
"Sea cave, Caves Beach"|""|"4.7(544)\nBeach · 156 Caves Beach Rd"
"Sphinx Memorial"|""|"4.4(127)\nWar memorial · Sphinx Rd\nOpen until 5:30 pm"
"Minnehaha Falls"|""|"4.7(138)\nScenic spot · N, 1/9 Katoomba Falls Rd\nOpen 24 hours"
"Bogong High Plains"|""|"4.2(5)\nTerrain "
"Depot Beach"|""|"New South Wales 2536"
"Kittys Beach"|""|"4.7(6)\nBeach "
"Lake Munmorah"|""|"New South Wales 2259"
"Illawong Walk"|""|""
"Terra Mia"|""|"4.0(247)\n$$ · Italian · 1/63 Burelli St\nClosed · Opens at 10:00 am"
"Mount Wilson Village Hall"|"Wollangambe Canyon on AllTrails\nhttps://www.alltrails.com/trail/australia/new-south-wales/wollangambe-canyon"|"4.0(3)\nVillage hall · 34 The Avenue"
"Robertson Lookout"|""|"4.6(82)\nTourist attraction · HRXR+57"
"Illawarra Fly Treetop Walk"|""|"4.4(1,393)\nTourist attraction · 182 Knights Hill Rd\nTreetop canopy walk & observation point\nClosed · Opens at 10:00 am"
"Auburn Botanic Gardens"|""|"4.4(4,278)\nBotanical garden · Chisholm Rd &, Chiswick Rd\nFlora & fauna in a scenic setting\nOpen until 5:00 pm"
"Mount Ainslie"|"https://www.alltrails.com/trail/australia/australian-capital-territory/mount-ainslie?ref=result-card"|"4.6(154)\nMountain peak \nPeak with walking trail & sunset views"
"Kianinny Bay"|""|"4.8(6)\nBay "
"Yarrangobilly Caves thermal pool walk"|"https://www.nationalparks.nsw.gov.au/things-to-do/walking-tracks/yarrangobilly-river-walk"|"4.0(1)\nTourist attraction · Yarrangobilly"
"Pinnacles loop walking track"|"https://www.alltrails.com/trail/australia/new-south-wales/pinnacles-loop-walk"|"4.4(11)\nTourist attraction · Eden\nTemporarily closed"
"Wilsons Promontory"|""|"Victoria 3960"
"Evil Eye Cafe"|""|"4.5(161)\nCafe · Fairy Meadow\nOpen until 4:00 pm"
"Upper Kangaroo River"|"Upper kangaroo Valley suspension bridge"|"New South Wales 2577"
"Urunga Boardwalk"|""|"4.7(1,268)\nTourist attraction \nOpen 24 hours"
"Four Mile Hut walk"|"https://www.nationalparks.nsw.gov.au/things-to-do/walking-tracks/four-mile-hut-walk"|"Tourist attraction · Cabramurra"
"Nichols Gorge walking track"|"https://www.nationalparks.nsw.gov.au/things-to-do/walking-tracks/nichols-gorge-walking-track"|"Tourist attraction · Cooleman"
"Lake Jindabyne"|""|"4.8(54)\nLake \nReservoir with boating & trout fishing"
"Castle Cave walk"|"https://www.nationalparks.nsw.gov.au/things-to-do/walking-tracks/castle-cave-walk"|"Tourist attraction · Yarrangobilly"
"Gardens of Many Nations"|""|"4.6(75)\nTourist attraction · Galston\nOpen until 7:00 pm"
"Mermaid Pool"|""|"3.0(4)\nSwimming basin · Mondayong"
"Fairy Bower Falls"|""|"4.5(87)\nTourist attraction · Bundanoon\nOpen until 5:00 pm"
"National Falls"|"https://pioneerwalks.com.au/walk/national-falls/\n\nSecret spot nearby:\nhttps://www.walkmyworld.com/posts/national-falls-royal-national-park"|"4.2(69)\nScenic spot · Waterfall\nOpen 24 hours"
"Lincoln's Rock"|""|"4.8(1,428)\nTourist attraction · Wentworth Falls\nRock ledge with Blue Mountains views\nOpen 24 hours"
"Mylan"|""|"4.5(250)\nVietnamese · Wollongong\nVietnamese favourites in a casual space\nClosed · Opens at 11:00 am"
"Centennial Grove Grotto "Canyon""|""|"4.6(24)\nPark · Blackheath\nPermanently closed"
"The Blue Pool"|""|"4.7(440)\nPublic swimming pool \nOpen 24 hours"
"Aslings Beach"|""|"4.6(57)\nBeach \nSandy spot for swimming & surfing"
"Perry Sandhills"|""|"4.5(289)\nTourist attraction · Wentworth\nOpen 24 hours"
"Nam Restaurant"|""|"4.4(196)\n$$ · Vietnamese · Wollongong\nClosed · Opens at 11:00 am"
"Kanangra Walls Lookout Trailhead"|"Kanangra Walls to Crafts Wall Cave on AllTrails https://www.alltrails.com/trail/australia/new-south-wales/kanangra-walls-to-crafts-wall-cave"|"4.6(15)\nFree parking lot · Kanangra"
"South Glory Cave"|"https://www.nationalparks.nsw.gov.au/things-to-do/show-caves/yarrangobilly-south-glory-cave"|"4.6(131)\nTourist attraction · Yarrangobilly\nOpen until 4:00 pm"
"Kanangra Walls Lookout"|"Kanangra Walls Lookout and Kalang Falls Walk on AllTrails https://www.alltrails.com/trail/australia/new-south-wales/kanangra-walls-lookout-and-kalang-falls-walk?p=31009332"|"4.8(113)\nScenic spot "
"Wallagoot Beach"|""|"5.0(1)\nBeach "
"Bendeela Recreation Area"|""|"4.6(524)\nCamping Ground "
"Valley of the Waters Track"|"https://www.walkmyworld.com/posts/valley-of-the-waters"|""
"Bushrangers Bay"|""|"4.6(294)\nNature preserve · Shell Cove"
"Cabbage Tree Beach"|""|"5.0(9)\nBeach "
"Three Views walking track"|""|"4.3(50)\nHiking area · Moollattoo"
"Mungo Lookout"|"https://www.nationalparks.nsw.gov.au/things-to-do/lookouts/mungo-lookout"|"4.8(20)\nTourist attraction · Mungo"
"Victory Track"|"Clarinda Falls on AllTrails\nhttps://www.alltrails.com/trail/australia/new-south-wales/clarinda-falls"|"4.3(16)\nHiking area · Faulconbridge"
"Dropped pin"|"Dardabong Falls on AllTrails\nhttps://www.alltrails.com/trail/australia/new-south-wales/dardabong-falls"|"(-33.689042, 151.216522)"
"Thredbo"|""|"4.5(2,284)\nSki resort · Thredbo\nSki area with summer recreation"
"White Sands Walk"|"https://www.nationalparks.nsw.gov.au/things-to-do/walking-tracks/white-sands-walk-and-scribbly-gum-track"|""
"Aslings Beach Rock Pool"|""|"4.4(68)\nPublic swimming pool \nOpen 24 hours"
"Merimbula Boardwalk"|""|""
"Relaxing Lookout - Grotto Walking Track"|"The Grotto Walk on AllTrails\nhttps://www.alltrails.com/trail/australia/new-south-wales/the-grotto-walk"|"4.4(14)\nBird watching area \nOpen 24 hours"
"Minerva Pool"|"https://pioneerwalks.com.au/walk/minerva-pool/"|"4.6(95)\nPark \nOpen 24 hours"
"Amarin Thai Cuisine"|""|"4.2(146)\n$ · Thai · Warrawong\nClosed · Opens at 4:30 pm"
"Burning Palms Beach"|""|"4.7(215)\nBeach "
"Snapper Point"|""|"4.5(26)\nPeninsula "
"Lake Crackenback"|""|"4.0(1)\nTourist attraction "
"Biamanga Cultural area"|"Mumbulla falls are nearby I think"|"4.3(46)\nTourist attraction · Tanja"
"Dantes Glen"|""|"4.8(8)\nTourist attraction · Lawson"
"Karijini National Park"|""|"4.7(1,074)\nNational park \nGorges, swimming holes & camping\nClosed · Opens at 9:00 am"
"El Questro Gorge"|""|"5.0(2)\nTourist attraction · Durack\nOpen 24 hours"
"Kangaroo Valley"|""|"New South Wales 2577"
"Blue Lake"|"Via Blue Lake Walk/Hike"|"4.8(13)\nLake \nMountain meadows & hiking trails"
"Kangarutha walking track"|"Kangarautha Track to Boulder Bay on AllTrails\nhttps://www.alltrails.com/trail/australia/new-south-wales/kangarautha-track-to-boulder-bay"|"4.0(4)\nTourist attraction · Tathra\nOpen until 7:00 pm"
"River Caves Canyon"|"https://pioneerwalks.com.au/walk/river-caves-canyon-wollemi/"|"4.7(15)\nTourist attraction "
"Cave Beach"|"https://concreteplayground.com/sydney/travel-leisure/leisure/ten-best-caves-to-visit-near-sydney/amp"|"4.8(87)\nBeach "
"Mimosa Rocks walking track"|"https://www.alltrails.com/trail/australia/new-south-wales/mimosa-rocks-walk"|"5.0(1)\nTourist attraction · Wapengo"
"Kings Cave"|"Kings Cave Walk on AllTrails\nhttps://www.alltrails.com/trail/australia/new-south-wales/kings-cave-walk"|"4.6(11)\nCave "
"Adelina Falls"|""|"4.6(22)\nScenic spot · Lawson\nOpen 24 hours"
"Ghosties Beach Caves"|""|"4.9(27)\nHistorical landmark \nOpen 24 hours"
"Lyrebird Gully circuit"|"https://www.nationalparks.nsw.gov.au/things-to-do/walking-tracks/lyrebird-gully-circuit"|"5.0(1)\nTourist attraction · Mount Kuring-Gai\nOpen 24 hours"
"Mares Forest Creek walking track"|""|"Tourist attraction · Wombeyan Caves"
"Yerranderie"|""|"New South Wales 2787"
"Jingga Pool"|"https://pioneerwalks.com.au/walk/jingga-track/"|"4.7(55)\nScenic spot · Wedderburn\nOpen 24 hours"
"Mallee Stop Walking Track"|""|""
"Clovelly Beach"|""|"4.7(338)\nBeach \nCompact hangout with a swimming pool"
"Dove Lake"|""|"4.8(251)\nLake \nScenic lake with paths & mountain views"
"Mount Portal Trail"|""|""
"Glenbrook Gorge"|""|"4.5(33)\nLandmark "
"Akari Japanese Restaurant"|""|"4.4(145)\n$$ · Japanese · Wollongong\nClosed · Opens at 5:00 pm"
"Mount Banks Summit walk"|""|"4.6(69)\nTourist attraction · Blue Mountains National Park, Mount Banks One Trail"
"Dee Beach"|""|"4.8(14)\nBeach "
"Mt Kosciuszko"|""|"4.5(461)\nMountain peak \nThe tallest mountain in Australia"
"Hanging Rock Lookout"|""|"4.6(361)\nScenic spot · Nowra"
"River Lett"|"A swimming hole"|"4.8(4)\nRiver "
"Jenolan River walking track"|"Jenolan River Walking Track [CLOSED] on AllTrails https://www.alltrails.com/trail/australia/new-south-wales/jenolan-river-walking-track"|"Tourist attraction · Jenolan\nTemporarily closed"
"Boyds Beach"|""|"4.7(10)\nBeach "
"Cradle Mountain"|""|"Tasmania 7306"
"George Boyd Rainforest Walk"|""|"4.0(6)\nScenic spot · Tianjara\nOpen 24 hours"
"Talbingo"|""|"New South Wales 2720"
"Mount Buffalo"|""|"4.6(27)\nMountain peak \nSweeping views & summit picnic tables"
"Square Rock"|"Square Rock on AllTrails https://www.alltrails.com/trail/australia/australian-capital-territory/square-rock?p=38851061"|"4.9(76)\nHistorical landmark · Cotter River"
"Bombala platypus reserve"|""|"4.5(13)\nTourist attraction "
"Tumut"|""|"New South Wales 2720"
"Granite Falls"|"https://pioneerwalks.com.au/walk/granite-falls/"|"4.5(47)\nScenic spot · Twelve Mile Peg"
"Co May Vietnamese Restaurant"|""|"4.2(112)\n$ · Vietnamese · Wollongong\nVietnamese dining in an unfussy locale\nClosed · Opens at 11:00 am"
"Jervis Bay"|""|"4.7(645)\nBay \nTranquil oasis with white sands & whales"
"Mannings lookout"|"https://pioneerwalks.com.au/walk/manning-valley-lookout/"|"4.5(146)\nTourist attraction · Barrengarry\nOpen 24 hours"
"Ciao Cucina"|""|"4.7(203)\n$$ · Italian · Wollongong\nTemporarily closed"
"Mungo National Park"|""|"4.5(167)\nNational park · Mungo\nNature site for walks, picnics & camping\nOpen 24 hours"
"Oaks Pacific Blue Resort, Bagnall Beach Rd"|""|"Bus stop "
"Wombeyan Caves"|""|"Wombeyan Caves, Wombeyan Caves Rd, Wombeyan Caves NSW 2580"
"Lord Howe Island"|""|"4.7(146)\nIsland \nScenic island for beaches & water sports"
"Tamarama Beach"|""|"4.6(3,517)\nBeach \nCove beach with picnic & play areas"
"Black Perry lookout"|""|"4.4(73)\nScenic spot · Talbingo\nOpen until 5:00 pm"
"Barnetts lookout"|""|"4.4(138)\nVista point \nOpen until 8:00 pm"
"Mount Beauty"|""|"Victoria 3699"
"Drawing Room Rocks"|""|"4.8(179)\nVista point \nOpen 24 hours"
"Blowering Cliffs walking track"|"https://www.nationalparks.nsw.gov.au/things-to-do/walking-tracks/blowering-cliffs-walking-track"|"5.0(1)\nTourist attraction · Blowering"
"Walkers Beach"|""|"5.0(7)\nBeach \nScenic beach with a grassy trail"
"Upper Gledhill Falls"|""|"4.1(110)\nScenic spot · Ku-Ring-Gai Chase\nOpen 24 hours"
"Timber Beach"|"Instructions to rainbow sea cave:\nhttps://www.instagram.com/p/BRAxlc4FZHk/?utm_medium=copy_link"|"4.8(4)\nNational park \nOpen until 7:00 pm"
"Thredbo River Track"|""|""
"Landers Falls lookout"|"https://www.nationalparks.nsw.gov.au/things-to-do/walking-tracks/landers-falls-lookout-walk\nhttps://www.alltrails.com/trail/australia/new-south-wales/landers-falls-lookout"|"4.3(11)\nScenic spot · Pinbeyan\nOpen 24 hours"
"Charlotte Pass"|""|"4.3(106)\nMountain pass \nSkiing & hikes to Mt. Kosciuszko"
"Meryla State Forest"|""|"4.3(18)\nNational forest \nOpen 24 hours"
"Kangaroo Creek"|""|"5.0(3)\nRiver "
"Catherine Hill Bay"|""|"New South Wales 2281"
"Eyre Peninsula"|""|"4.6(20)\nPeninsula \nPeninsula known for its marine life"
"Cronulla Sand Dunes"|""|"4.5(132)\nTourist attraction · Kurnell\nOpen 24 hours"
"Taronga Zoo Sydney"|""|"4.5(22,199)\nZoo · Mosman\nLarge zoo divided into different regions\nOpen until 5:00 pm"
"Kakadu National Park Headquarters"|""|""
"Rottnest Island"|""|"Western Australia 6161"
"Walls Ledge Track"|"https://www.instagram.com/explorensw_au/p/CYVfqQHviJn/?utm_medium=copy_link"|""
"Miss Lee's"|""|"4.4(414)\n$ · Asian Fusion · Wollongong\nClosed · Opens at 10:30 am"
"Green Connect Farm"|""|"4.9(30)\nOrganic farm · Warrawong"
"Granite Falls walking track"|"Granite Falls Walking Track on AllTrails https://www.alltrails.com/trail/australia/new-south-wales/granite-falls-walking-track"|"4.8(5)\nTourist attraction · Twelve Mile Peg"
"Lake Mulwala"|""|"4.7(39)\nRiver "
"Clover Hill trail"|""|"4.7(41)\nHiking area · Macquarie Pass\nOpen until 7:00 pm"
"Dropped pin"|"Nice grove of water to swim in on a warmer day. I think it was called Elliens Glen or something"|"(-33.715008, 150.357540)"
"Balls Head Reserve"|""|"4.7(627)\nNature preserve · Waverton\nWaterfront nature park with hiking paths\nOpen 24 hours"
"Iluka Beach"|""|"4.8(146)\nNational forest \nOpen 24 hours"
"Eucumbene Dam"|""|"4.6(78)\nLake "
"Corowa"|""|"New South Wales 2646"
"Paddy's river Murrimba Rd swimming spot"|""|"4.2(17)\nSwimming lake · Brayton"
"Mallee Cliffs National Park"|""|"3.2(5)\nNational park · Mallee\nOpen until 4:30 pm"
"Molonglo Picnic Area (no playground)"|"https://www.alltrails.com/trail/australia/australian-capital-territory/molonglo-gorge?ref=result-card"|"4.2(45)\nPicnic ground · Kowen\nOpen 24 hours"
"Cape Solander"|""|"4.8(746)\nScenic spot · Kurnell\nTemporarily closed"
"Borenore Caves"|""|"4.5(32)\nCave \nLimestone caves on a nature reserve"
"Macquarie Pass National Park"|"https://pioneerwalks.com.au/walk/jump-rock/"|"4.7(439)\nNational park · Albion Park\nRainforest park with trails & waterfalls\nOpen until 7:00 pm"
"Rainbow Falls"|""|"4.8(20)\nScenic spot · Macquarie Pass\nOpen until 7:00 pm"
"Carnation Thai Restaurant"|""|"4.4(310)\n$$ · Thai · Wollongong\nStylish option for stir-fries & noodles\nClosed · Opens at 11:30 am"
"Jerrawangala lookout"|""|"4.6(133)\nScenic spot · Tianjara\nOpen 24 hours"
"Hassans Walls"|""|"New South Wales 2790"
"Wollemi National Park"|""|"4.5(425)\nNational park · Wollemi\nHiking & camping in rugged terrain\nOpen 24 hours"
"Junction Falls"|""|"4.7(66)\nScenic spot \nOpen 24 hours"
"Flinders Ranges"|""|"South Australia 5434"
"Symbio Wildlife Park"|""|"4.6(2,966)\nZoo · Helensburgh\nZoo with diverse animals & a splash park\nOpen until 5:00 pm"
"Dorrigo National Park"|""|"4.7(1,311)\nNational park · Dorrigo Mountain\nSprawling nature area with waterfalls\nOpen until 4:30 pm"
"Lennox Bridge"|""|"4.6(167)\nBridge · Glenbrook\nOpen 24 hours"
"Snow Gums boardwalk"|""|"5.0(1)\nTourist attraction · Geehi"
"Coxs River Campground"|"Cox Creek Swing Bridge Walk on AllTrails https://www.alltrails.com/trail/australia/new-south-wales/cox-creek-swing-bridge-walk"|"4.3(104)\nCamping Ground "
"Hutt Lagoon"|""|"4.5(190)\nLagoon \nHistoric salt lake & colorful photo op"
"Guerilla Bay"|""|"New South Wales 2536"
"Bittangabee Bay"|""|"4.0(7)\nBay "
"Adelong Alive Museum Inc."|"https://visitsnowyvalleys.com.au/listing/adelong-falls-walk/"|"4.1(7)\nMuseum · Adelong"
"Tomaree Head Summit walk"|"https://www.nationalparks.nsw.gov.au/things-to-do/walking-tracks/tomaree-head-summit-walk"|"4.8(695)\nHiking area · Shoal Bay\nSteep hike with sweeping bay vistas\nOpen 24 hours"
"Castle Head"|"Castle Head on AllTrails https://www.alltrails.com/trail/australia/new-south-wales/castle-head"|"5.0(12)\nPeninsula "
"Palm Beach"|""|"New South Wales 2108"
"Legoland"|"Orroral Ridge: Sentinel Rocks Walk on AllTrails https://www.alltrails.com/trail/australia/australian-capital-territory/orroral-ridge-sentinel-rocks-walk\n\nhttps://www.instagram.com/p/CSpWOH7hTSR/?utm_source=ig_web_copy_link"|"4.8(10)\nHiking area "
"Linden"|"https://www.hellosydneykids.com.au/paradise-pool-blue-mountains/"|"New South Wales 2778"
"Treachery Beach"|""|"4.9(11)\nBeach \nSecluded destination for surfing"
"Bennetts Beach"|""|"4.8(57)\nBeach \nBig stretch with wildlife & a chill vibe"
"Fish River"|"A swimming hole"|"4.7(33)\nRiver "
"Kingfisher Pool campground"|""|"4.6(12)\nCamping Ground · Heathcote"
"Greenfield Beach"|""|"4.9(142)\nBeach \nSnorkeling, swimming & picnic areas"
"Chef's Choice"|""|"4.3(384)\n$ · Chinese · Wollongong\nClosed · Closed ⋅ Opens 11AM Wed"
"Adams lookout"|""|"4.8(39)\nScenic spot · Bungonia\nOpen 24 hours"
"George Boyd lookout"|""|"4.6(39)\nScenic spot · Twelve Mile Peg\nOpen 24 hours"
"National Pass"|""|"4.8(70)\nTourist attraction · Wentworth Falls\nTemporarily closed"
"Trentham Falls, Coliban River"|""|"4.3(1,331)\nTourist attraction · Trentham\nOpen 24 hours"
"Shelly Beach"|""|"4.6(16)\nBeach \nSmall sandy beach in national park"
"Pool of Siloam"|""|"4.7(167)\nScenic spot · Blue Mountains National Park\nOpen 24 hours"
"Cave Creek Walking Track"|"https://pioneerwalks.com.au/walk/cave-creek/"|"4.3(14)\nHill Top"
"Kinn Thai Restaurant"|""|"4.4(530)\n$$ · Thai · Wollongong\nBuzzy place with rustic-chic decor\nClosed · Opens at 11:30 am"
"America Bay walking track"|""|"4.2(5)\nHiking area · Ku-Ring-Gai Chase"
"Tallebudgera Valley"|"Gorge Falls on AllTrails\nhttps://www.alltrails.com/trail/australia/queensland/gorge-falls"|"Queensland 4228"
"Bongil Beach"|""|"Tourist attraction · Bundagen"
"Victoria Creek Cascades"|"Might otherwise be known as the silver cascades?\nThere should be a swimming hole here\n\nhttps://www.instagram.com/p/CYSxFB0PGGU/?utm_medium=copy_link"|"4.7(32)\nScenic spot · Blue Mountains National Park, Victoria Falls Track"
"South West Arm Creek"|""|"4.6(7)\nRiver "
"Tacking Point Lighthouse"|""|"4.7(988)\nLighthouse · Port Macquarie\nCement lighthouse built in 1879\nOpen 24 hours"
"Wollondilly River Station"|""|"4.2(108)\nCamping Ground · Wombeyan Caves"
"Wilsons Beach"|""|"5.0(9)\nBeach "
"Wategos Beach"|""|"4.7(139)\nBeach \nSurfing & swimming in a scenic area"
"Cascades walk"|"https://www.nationalparks.nsw.gov.au/things-to-do/walking-tracks/cascades-walking-track-and-viewing-platform"|"4.0(1)\nTourist attraction · Macquarie Pass"
"Limestone Gorge"|""|"4.3(6)\nTourist attraction · Wombeyan Caves"
"Gap Creek Falls Walking Track"|""|""
"Tomaree National Park"|""|"4.7(680)\nNational park · Nelson Bay\nProtected landscape on the Tasman Sea\nOpen 24 hours"
"Adaminaby"|""|"New South Wales 2629"
"Websters Lookout"|""|"4.6(55)\nScenic spot · Oatley\nOpen until 7:00 pm"
"Mermaids Pool and Tahmoor Gorge Parking"|"https://pioneerwalks.com.au/walk/see-thru-pools/\nhttps://pioneerwalks.com.au/walk/bargo-river-canyon/"|"4.3(12)\nParking lot \nOpen 24 hours"
"Wattamolla Parking"|"https://pioneerwalks.com.au/walk/curracurrang-falls/"|"4.4(38)\nFree parking lot "
"Mimosa Rock"|"Mimosa Rocks Walk via Boardwalk on AllTrails https://www.alltrails.com/trail/australia/new-south-wales/mimosa-rocks-walk"|"4.5(2)\nNational park "
"Elsey National Park"|""|"4.7(176)\nNational park · Mataranka\nHot springs, literary history & sports"
"guestlands"|""|"5.0(17)\nBed & breakfast · Arcadia"
"Mermaid Inlet"|"https://pioneerwalks.com.au/walk/mermaids-inlet/"|"4.8(190)\nScenic spot \nOpen 24 hours"
"Blackwall Mount"|"Blackwall Mountain Lookout on AllTrails\nhttps://www.alltrails.com/trail/australia/new-south-wales/blackwall-mountain-lookout"|"4.0(8)\nMountain peak "
"Singing Stones Beach"|""|"4.5(8)\nNational park "
"Horseshoe Falls"|""|"4.6(22)\nTourist attraction \nOpen 24 hours"
"Blue Mountains Botanic Garden"|""|"4.6(3,177)\nBotanical garden · Mount Tomah\nGuided tours, scenic views & picnicking\nOpen until 5:00 pm"
"Foreshore walk"|"https://www.nationalparks.nsw.gov.au/things-to-do/walking-tracks/foreshore-walk/visitor-info#Getting-there-and-parking"|"Tourist attraction · Mungo"
"Mitchell Falls Camping Ground"|""|"4.3(22)\nCamping Ground "
"Camel Rock"|""|"4.7(140)\nTourist attraction \nOpen 24 hours"
"Centennial Glen Carpark"|"Centennial pass track, Colliers Causeway, Wall ledge track"|"5.0(10)\nPublic parking space · Blackheath"
"Anna Bay"|""|"New South Wales 2316"
"Kangaroo River walking track"|"https://www.nationalparks.nsw.gov.au/things-to-do/walking-tracks/kangaroo-river-walking-track/map"|"3.0(1)\nTourist attraction · Moollattoo"
"Yarra Ranges"|""|"Victoria"
"Mount Hotham"|""|"4.6(296)\nMountain peak \nSki resort with a mountain village"
"Gosangs Tunnel"|""|"4.9(67)\nCave "
"Yarrangobilly Caves Thermal Pool"|"https://www.nationalparks.nsw.gov.au/things-to-do/walking-tracks/kosciuszko-clarke-gorge-walking-track"|"4.5(191)\nPublic swimming pool · Yarrangobilly\nOpen 24 hours"
"Luna Park Sydney"|""|"4.1(10,606)\nAmusement park · Milsons Point\nAmusement park & entertainment venue"
"Urunga Wetlands Boardwalk"|""|"4.7(167)\nNature preserve · Urunga"
"Clarke Gorge Walk"|"https://www.nationalparks.nsw.gov.au/things-to-do/walking-tracks/kosciuszko-clarke-gorge-walking-track"|""
"Jenolan Caves"|"And the pine forest nearby"|"4.6(3,193)\nNature preserve · Jenolan\nLimestone caves & subterranean rivers\nClosed · Closed ⋅ Opens 9:30AM Sat"
"Flatrock Waterhole"|"Flat Rock Waterhole and Falls on AllTrails https://www.alltrails.com/trail/australia/new-south-wales/flat-rock-waterhole-and-falls?p=-1"|"4.4(59)\nUpper Kangaroo Valley"
"Grand Canyon Walking Track"|""|"4.9(998)\nHiking area · Blackheath\nWell-known loop walk with epic vistas\nOpen 24 hours"
"Nepean lookout"|"https://www.nationalparks.nsw.gov.au/things-to-do/lookouts/nepean-lookout/visitor-info"|"4.6(66)\nScenic spot · Glenbrook area in Blue Mountains National Park Blue Labyrinth\nOpen until 7:00 pm"
"Ebor Falls"|"https://pioneerwalks.com.au/walk/ebor-falls/"|"4.6(562)\nTourist attraction · Ebor\nDual falls with 3 lookout platforms\nOpen 24 hours"
"Maria Island"|""|"4.6(82)\nIsland \nRemote fishing island with a marine park"
"Mermaids Cave"|"Mermaids Cave via Station Street on AllTrails\nhttps://www.alltrails.com/trail/australia/new-south-wales/mermaids-cave-via-station-street"|"4.5(29)\nCave \nCave, waterfall & Mad Max 3 backdrop"
"Bega Valley Lookout"|""|"4.3(54)\nVista point · Coopers Gully"
"Pebbly Beach"|""|"New South Wales 2536"
"Oatley Castle"|""|"4.4(49)\nHistorical landmark \nOpen until 7:00 pm"
"Ruined Castle walking track"|"https://www.walkmyworld.com/posts/ruined-castle\n\nThe Ruined Castle and Mount Solitary via The Golden Stairs on AllTrails https://www.alltrails.com/trail/australia/new-south-wales/the-ruined-castle-and-mount-solitary-via-the-golden-stairs?p=42196617"|"4.7(38)\nTourist attraction · Blue Mountains National Park\nOpen 24 hours"
"The Cascades"|"Heath Trail to The Cascades on AllTrails\nhttps://www.alltrails.com/trail/australia/new-south-wales/heath-trail-to-the-cascades"|"4.8(49)\nScenic spot \nOpen 24 hours"
"Curra Moors Walking Track"|""|""
"Royal National Park Office"|"https://pioneerwalks.com.au/walk/lower-kanagroo-creek/"|"4.2(5)\nState government office · Royal National Park\nOpen until 4:30 pm"
"Hippocrene Falls Walking Track"|"Hipocrene and Vera Falls Loop Trail on AllTrails\nhttps://www.alltrails.com/trail/australia/new-south-wales/hipocrene-and-vera-falls-loop-trail?p=-1"|""
"Murrays Beach"|""|"4.4(33)\nBeach \nWhite-sand beach in a national park"
"JW Marriott Gold Coast Resort & Spa"|""|"4.5(2,291)\n5-star hotel · Surfers Paradise\nChic retreat with a lagoon pool & dining"
"Dropped pin"|"The Woolwash on AllTrails\nhttps://www.alltrails.com/trail/australia/new-south-wales/the-woolwash"|"(-34.096519, 150.822305)"
"IL Porcellino Trattoria & Pizzeria"|""|"4.2(124)\n$$ · Pizza · Balgownie\nSpacious locale for Italian dishes\nClosed · Opens at 4:00 pm"
"Perisher Valley"|""|"New South Wales 2624"
"Walls of China viewing platform"|"https://www.nationalparks.nsw.gov.au/things-to-do/lookouts/walls-of-china-viewing-platform"|"4.6(61)\nTourist attraction · Mungo\nOpen 24 hours"
"George Boyd picnic area"|"George Boyd Rainforest Walk on AllTrails https://www.alltrails.com/trail/australia/new-south-wales/george-boyd-rainforest-walk"|"Picnic ground · Twelve Mile Peg"
"Green Cape Lighthouse"|"WOMBATS TO SEEE\nhttps://www.alltrails.com/trail/australia/new-south-wales/bittangabee-bay-to-green-cape-lighthouse--2"|"4.7(305)\nTourist attraction · Green Cape\n19th-century concrete beacon\nOpen until 7:00 pm"
"Water Nymphs Dell"|"Water Nymphs Dell on AllTrails\nhttps://www.alltrails.com/trail/australia/new-south-wales/water-nymph-dell-wentworth-falls-nsw--2"|"4.0(13)\nTourist attraction · Wentworth Falls"
"Dropped pin"|"The Narrows on AllTrails\nhttps://www.alltrails.com/trail/australia/new-south-wales/the-narrows"|"(-33.772098, 150.647157)"
"Nattai Gorge Lookout"|""|"4.6(42)\nScenic spot · Woodlands\nOpen until 5:30 pm"
"Barunguba"|""|"4.7(26)\nIsland \nContinental island with a nature reserve"
"Lapstone Zig Zag Walking Track"|""|""
"Tallow Beach"|""|"4.8(235)\nBeach \nScenic destination in a national park"
"Summercloud Bay"|"Summercloud Bay to Kitty's Beach on AllTrails https://www.alltrails.com/trail/australia/new-south-wales/summercloud-bay-to-kittys-beach"|"4.7(3)\nBay "
"Wombeyan Waterfall walking track"|""|"3.0(1)\nTourist attraction · Wombeyan Caves"
"Place of Winds interpretive trail"|""|"4.8(4)\nNational park · Hornsby Heights"
"Audley"|""|"Royal National Park NSW"
"Ha Long Bay Vietnamese Restaurant"|""|"4.1(161)\n$$ · Vietnamese · Wollongong\nVietnamese fare in an understated setup\nClosed · Opens at 11:00 am"
"Currarong"|""|"New South Wales 2540"
"Sugarloaf Point Lighthouse"|""|"4.8(579)\nHistorical landmark · Seal Rocks\nColonial-era beacon on a rocky coast"
"Treetops Adventure Nowra"|""|"4.7(284)\nTourist attraction · North Nowra\nOpen until 5:00 pm"
"Donkey Mountain"|"Donkey Mountain on AllTrails\nhttps://www.alltrails.com/trail/australia/new-south-wales/donkey-mountain?p=33831061"|"5.0(6)\nMountain peak "
"Elizabeth Lookout"|""|"4.4(80)\nScenic spot · Glenbrook\nOpen 24 hours"
"Red Top lookout and boardwalk"|"https://www.nationalparks.nsw.gov.au/things-to-do/walking-tracks/red-top-lookout-and-boardwalk"|"4.5(26)\nTourist attraction · Mungo"
"Pebbly Beach to Snake Bay walking track"|"Snake bay is somewhere here? Idk"|"Tourist attraction · Pebbly Beach"
"Kiandra heritage track"|"https://www.nationalparks.nsw.gov.au/things-to-do/walking-tracks/kiandra-heritage-track"|"2.0(1)\nTourist attraction · Cabramurra"
"Fairy falls"|""|"4.7(71)\nTourist attraction \nOpen 24 hours"
"Da Orlando Pizzeria"|""|"4.6(727)\n$$ · Italian · Wollongong\nClosed · Opens at 5:30 pm"
"Dangar Falls"|"https://pioneerwalks.com.au/walk/dangar-falls/"|"4.7(785)\nScenic spot · Dorrigo\nScenic 30-m. waterfall with parking\nOpen 24 hours"
"Jamberoo Action Park"|""|"4.5(2,642)\nTheme park · Jamberoo\nWaterslides, mini-golf & a chairlift\nClosed · Opens at 10:00 am"
"Mine Bay Maori Rock Carvings"|""|"4.6(624)\nHistorical landmark · Taupō\nContemporary carvings in lakeside rocks\nOpen 24 hours"
"Thala Beach Nature Reserve"|""|"4.7(396)\n5-star hotel · Oak Beach\nLuxe rainforest/beach hotel with a pool"
"Paddys River Falls"|"https://visitsnowyvalleys.com.au/listing/paddys-river-falls/"|"4.7(292)\nScenic spot · Burra\nOpen 24 hours"
"Wollondilly Lookout"|""|"4.6(61)\nScenic spot · Bullio\nOpen until 7:00 pm"
"Mollymook Beach"|""|"New South Wales 2539"
"Mount Stilwell walk"|""|"Tourist attraction · Geehi"
"Cape Baily Lighthouse"|""|"4.1(84)\nMuseum · Kurnell\nOpen 24 hours"
"Angel Gabriel Capararo Reserve"|"https://pioneerwalks.com.au/walk/promised-lands-never-never-river/"|"4.8(42)\nNature preserve · Gleniffer"
"Bundanoon Dam Wall"|"https://pioneerwalks.com.au/walk/bundanoon-creek-dam/"|"4.7(3)"
"Red Rock Beach"|""|"4.8(29)\nBeach "
"Wallagoot Gap"|""|"4.9(7)\nMountain pass "
"Mares Forest Creek"|"https://pioneerwalks.com.au/walk/mares-forest-creek/"|"5.0(3)\nSeasonal river "
"Mallee Stop walking track"|"https://www.nationalparks.nsw.gov.au/things-to-do/walking-tracks/mallee-stop-walking-track"|"Tourist attraction · Mungo"
"Zenith Beach"|""|"4.7(161)\nBeach \nSandy getaway with mountain scenery"
"Tianjara Falls"|"Tianjara Falls Lookout on AllTrails https://www.alltrails.com/trail/australia/new-south-wales/tianjara-falls-lookout"|"4.5(323)\nTourist attraction \nOpen 24 hours"
"Mount Gladstone Lookout"|""|"4.5(55)\nScenic spot \nOpen 24 hours"
"Eagle Rock"|""|"4.9(107)\nScenic spot \nOpen 24 hours"
"Wentworth"|""|"New South Wales 2648"
"Jacks lookout"|""|"4.7(11)\nHistorical landmark · Kosciuszko National Park"
"Tunnel View Lookout"|""|"4.5(97)\nTourist attraction · Glenbrook\nOpen until 7:00 pm"
"Coxs River Suspension Bridge"|""|"4.7(116)\nTourist attraction · Coxs River"
"Loves Bay"|""|"4.6(7)\nTourist attraction \nOpen 24 hours"
"Long Point Lookout"|""|"4.7(28)\nScenic spot · Tallong\nOpen 24 hours"
"Badgerys Lookout"|""|"4.6(18)\nMountain peak "
"Loch Ard Gorge"|""|"4.8(5,218)\nTourist attraction · Great Ocean Road Port Campbell\nNature park with viewing platforms\nOpen 24 hours"
"Ross Lookout"|""|"4.5(43)\nScenic spot · Glenbrook\nOpen 24 hours"
"Bonnie View Lookout"|""|"4.6(16)\nScenic spot · Bundanoon\nOpen 24 hours"
"Currarong Rock Pools"|""|"4.7(55)\nTourist attraction \nOpen 24 hours"
"Woolshed Cave"|""|"4.6(255)\nScenic spot \nOpen 24 hours"
"Berrys Bay Lookout"|""|"4.8(258)\nScenic spot · Waverton\nOpen 24 hours"
"33°29'10.5"S 150°15'47.2"E"|"Dargan Arch https://www.walkmyworld.com/posts/dargan-arch"|"(-33.486250, 150.263111)"
"Medlow Bath"|""|"New South Wales 2780"
"Bindijine Jetty"|""|"4.0(1)\nTourist attraction · Beecroft Peninsula"
"Barrenjoey Lighthouse"|""|"4.7(2,443)\nTourist attraction · Palm Beach\n19th-century sandstone lighthouse\nOpen 24 hours"
"Dead Horse Gap"|""|"4.7(39)\nMountain pass "
"Ahearn Lookout"|""|"4.7(6)\nScenic spot "
"Blue Pool Walking Track"|""|"4.2(38)\nHiking area · Blue Mountains National Park, The Oaks Trail\nOpen until 7:00 pm"
"Pambula River walking track"|""|"5.0(2)\nTourist attraction · Pambula Beach\nOpen until 7:00 pm"
"Mulligans Hut"|""|"4.6(7)\nHistorical landmark "
"Jellybean Pool"|""|"4.4(109)\nPond "
"Marges Lookout"|""|"4.3(56)\nScenic spot \nOpen 24 hours"
"33°47'00.2"S 150°34'10.7"E"|"Very secluded Crayfish Pool.\nhttps://www.beyondtracks.com/walks/blue-mountains-national-park/crayfish-pool-from-glenbrook/"|"(-33.783382, 150.569626)"
"Lower Gledhill Falls"|""|"4.3(4)\nScenic spot \nTemporarily closed"
"Blue Waterholes campground"|""|"4.7(61)\nCamping Ground · Cooleman"
"West Head Lookout"|""|"4.8(1,792)\nScenic spot · Ku-Ring-Gai Chase\nScenic views & Aboriginal rock art\nOpen until 8:30 pm"
"TruNinja Penrith"|""|"4.5(54)\nAdventure sports · Jamisontown\nClosed · Opens at 10:00 am"
"Glasshouse Rocks"|""|"4.5(41)\nTourist attraction \nOpen 24 hours"
"Nelson Beach"|""|"4.8(12)\nBeach "
"Refuge Bay"|""|"4.8(37)\nBay \nStoried, chill bay with beach/waterfall"
"Porcupine Rocks"|""|"4.8(11)\nScenic spot "
"Wattamolla Beach"|"Hidden pool https://www.instagram.com/p/Bw6XiGcg9aT/?utm_medium=copy_link"|"4.6(278)\nBeach \nNational park sandy beach with waterfall"
"Nethercote Falls"|""|"4.6(32)\nSwimming basin \nTemporarily closed"
"Gerringong Falls"|""|"4.7(31)\nScenic spot \nOpen 24 hours"
"Piles Creek loop"|""|"4.8(74)\nTourist attraction · Somersby\nOpen until 8:00 pm"
"Gordon Falls lookout and picnic area"|"https://www.nationalparks.nsw.gov.au/things-to-do/lookouts/gordon-falls-lookout-and-picnic-area/map"|"4.6(561)\nScenic spot · Blue Mountains National Park, Katoomba area in\nOpen 24 hours"
"Amphitheatre Walking Track"|"Bridal veil falls might be here"|""
"Bridal Veil View"|"Bridal veil falls is nearby or on Amphitheatre walking track"|"4.7(38)\nScenic spot · Katoomba"
"Potoroo Palace"|""|"4.2(336)\nEnvironmental organization · Merimbula\nTranquil park for Australian wildlife\nOpen until 4:00 pm"
"Breenhold Gardens"|""|"4.3(510)\nGarden · Mount Wilson\nTemporarily closed"
"Australia Rock"|""|"4.6(869)\nTourist attraction · Narooma\nRock formation in a seafront locale\nOpen 24 hours"
"Tura Beach Rockpool"|""|"4.7(31)\nTourist attraction \nOpen 24 hours"
"Main Range Track"|""|""
"Cremorne Point Garden And Walk"|""|"5.0(6)\nPark "
"Crookhaven Lighthouse"|""|"4.1(142)\nTourist attraction \nBrick lighthouse constructed in 1904\nOpen 24 hours"
"Shepherds Lookout Walk"|""|""
"Merribee"|""|"4.4(152)\nTourist attraction · Numbaa"
"Hanging Rock"|""|"4.8(133)\nVista point \nOpen 24 hours"
"Dropped pin"|"Little River Cascades and Aqua Pool Trail on AllTrails\nhttps://www.alltrails.com/trail/australia/new-south-wales/little-river-cascades-and-aqua-pool-trail"|"(-34.260708, 150.518747)"
"Lower Portals Rd"|""|""
"Tasman Peninsula"|""|"4.2(18)\nPeninsula \nScenic destination with historical sites"
"Resolute Beach"|""|"4.7(102)\nBeach "
"Blue Waterholes Trail"|""|""
"Elvina Waterfalls"|""|"4.5(38)\nScenic spot \nOpen 24 hours"
"Boyd's Tower"|""|"4.4(183)\nHistorical place \nOpen 24 hours"
"Newnes Plateau"|""|"New South Wales 2790"
"Railway Parade"|"Park here for Paradise Pool\nhttps://www.walkmyworld.com/posts/paradise-pool-blue-mountains"|""
"Bruce Steer Ocean Swimming Pool"|""|"4.9(13)\nSwimming basin · Bermagui"
"Girrakool loop track"|""|"4.4(118)\nTourist attraction · Kariong\nOpen until 8:00 pm"
"National Arboretum Canberra"|""|"4.6(4,667)\nArboretum · Molonglo Valley\nModern arboretum with a unique play area\nOpen until 8:30 pm"
"West Head Beach"|""|"4.7(79)\nBeach "
"Kanuka Brook Gully Track"|"VERY SECLUDED Crayfish pool.\n\nhttps://www.beyondtracks.com/walks/blue-mountains-national-park/crayfish-pool-from-glenbrook/"|"Blue Mountains National Park NSW 2787"
"Willawong pool"|""|"4.7(3)\nTourist attraction · Hazelbrook"
"Bens Walk"|""|""
"Karloo Pool"|""|"4.9(58)\nOutdoor swimming pool · Royal National Park\nOpen until 8:30 pm"
"Gibberagong walking track"|""|"5.0(5)\nHiking area · North Turramurra\nOpen until 7:00 pm"
"Bairne Lookout"|""|"5.0(2)\nHiking area · Ku-Ring-Gai Chase"
"Barra Nula Cascades"|""|"4.0(1)\nTourist attraction "
"Davidson Whaling Station"|""|"4.4(118)\nHistorical landmark · Edrom\nOpen until 7:00 pm"
"Uloola Falls campground"|"Uloola falls"|"4.2(49)\nCamping Ground · Royal National Park"
"Bungonia National Park"|"Go to Slot Canyon"|"4.5(188)\nNational park · Bungonia\nOpen 24 hours"
"Horse Head Rock"|""|"4.7(206)\nScenic spot \nOpen 24 hours"
"Woy woy walk"|"Woy Woy trough pool\nhttps://www.walkmyworld.com/posts/waterfall-woy-woy"|"5.0(2)\nHiking area · Woy Woy Bay"
"Bedford Pool"|""|"4.8(5)\nTourist attraction · Hazelbrook"
"Burton Rd"|"https://www.walkmyworld.com/posts/porters-pass-blackheath"|""
"Dropped pin"|"https://pioneerwalks.com.au/walk/jump-rock/"|"(-34.571990, 150.677869)"
"Ben Boyd National Park"|""|"4.6(359)\nNational park · Edrom\nSeaside park with a historic lighthouse\nOpen until 7:00 pm"
"Saddleback Mountain Lookout"|""|"4.7(560)\nScenic spot · Kiama\nOpen 24 hours"
"Boat Harbour"|"https://www.instagram.com/naturalattractionsnsw/p/BjZOs2SH0PI/?utm_medium=copy_link"|"New South Wales"
"Victoria Falls walking track"|""|"4.5(112)\nTourist attraction · Mount Victoria"
"Curracurrong Creek"|""|"4.8(26)\nNational park \nOpen 24 hours"
"Sheraton Grand Mirage Resort, Port Douglas"|""|"4.3(1,124)\n5-star hotel · Port Douglas\nChic resort with 9 pools & a golf course"
"Werri Beach"|""|"New South Wales 2534"
"Himalayan Cedar Lookout"|""|"4.6(240)\nScenic spot · Molonglo Valley\nOpen until 5:30 pm"
"Red Rock Gorge Lookout"|""|"4.7(60)\nScenic spot "
"Mount Buller Summit"|""|"4.7(127)\nHiking area "
"Merrijig"|"Plains Creek Falls is somewhere here"|"Victoria 3723"
"Mount Beauty Gorge Walk"|""|"4.6(62)\nHiking area · Mount Beauty"
"The Horn Lookout"|""|"4.9(190)\nTourist attraction · Mount Buffalo"
"Rollasons Fall"|""|"4.7(62)\nScenic spot "
"Bindaree Falls"|""|"4.8(96)\nScenic spot · Mount Buller\nOpen 24 hours"
"Bridal Veil Falls"|"To find secret pool:\nGo to the base of bridal veil falls and go to the left side of the bridge (you'll see the concrete barrel) and follow the water down. There is a rope to help you get down."|"5.0(1)\nTourist attraction · Leura"
"Mount Feathertop"|""|"4.9(41)\nMountain peak \nDestination for hiking & winter sports"
"Craig’s Hut"|""|"4.8(518)\nTourist attraction · Mount Buller\nHilltop shelter with far-reaching vistas\nOpen 24 hours"
"Weereewa Lookout"|""|"4.5(659)\nVista point \nOpen 24 hours"
"Jones Beach"|""|"4.7(26)\nBeach "
"Dry Canyon"|"Start at pagoda track newnes. https://www.instagram.com/p/CYvvyUzBHsO/?utm_medium=copy_link"|"5.0(1)\nTourist attraction · Newnes Plateau"
"Pigeon House Mountain Didthul Summit"|""|"4.8(128)\nScenic spot · Yadboro"
"Mulligans Flat Woodland Sanctuary"|""|"4.7(243)\nNature preserve · Forde\nOpen 24 hours"
"London Bridge Arch"|""|"4.5(42)\nScenic spot · Burra\nOpen until 5:00 pm"
"Bogey Hole"|""|"4.7(415)\nPublic swimming pool · Newcastle"
"Three Sisters walk"|""|"4.6(18,159)\nTourist attraction · Katoomba\nLookout point for iconic trio of rocks\nOpen 24 hours"
"Little Blue Lake"|""|"4.7(67)\nLake "
"Whiting Beach"|""|"3.8(5)\nBeach "
"Willinga Park"|""|"4.6(64)\nEquestrian facility · Bawley Point\nOpen until 4:00 pm"
"Honeysuckle Campground"|""|"4.5(44)\nCamping Ground · Tennent"
"Pulpit Rock Lookout"|""|"4.8(362)\nTourist attraction · Blackheath\nTemporarily closed"
"Govett's Leap lookout"|""|"4.8(1,481)\nScenic spot · Blue Mountains National Park\nViews, a visitor centre & picnicking\nOpen 24 hours"
"Crampton Island"|"It's only accessible at low tide, on foot from Tabourie Point Beach"|"4.4(5)\nIsland "
"Sublime Point lookout - Leura"|""|"4.8(486)\nTourist attraction · Leura\nBlue Mountains views & native birds\nOpen 24 hours"
"The Walls of China"|""|"4.2(11)\nMountain peak "
"Somersby Falls"|""|"4.6(261)\nScenic spot · Somersby\nOpen until 7:00 pm"
"Walkabout Wildlife Sanctuary"|""|"4.5(655)\nWildlife park · Calga\nInteractive animal programs & bush tours\nOpen until 4:30 pm"
"Kariong Brook Falls"|""|"4.6(110)\nScenic spot · Kariong\nOpen 24 hours"
"Govett Lookout"|""|"4.5(2)\nScenic spot · Cowan\nOpen 24 hours"
"Daniel's Lookout"|""|"Scenic spot · Hornsby Heights"
"The Rock Lookout"|""|"4.6(394)\nScenic spot · Mulgoa\nDramatic river views at a national park\nOpen 24 hours"
"Tabourie Beach"|""|"4.7(37)\nTourist attraction · Lake Tabourie"
"Wybung Head Lookout"|""|"4.7(29)\nScenic spot · Frazer Park"
""Quiet Corner""|""|"Park \nOpen 24 hours"
"Moonee Beach Track"|""|"4.3(115)\nHiking area "
"Pot Holes Beach"|""|"Tourist attraction · Dolphin Point"
  